Names,Emails,Phone number
Tangang Mc,mctangang@helpinghands.cm,678526180
Kaf Brown,kafbrown@helpinghands.cm,677805121
Nah Marlu,marlu@helpinghands.cm,696581242
Albert Einstein,einsten@helpinghands.cm,690854123
Margaret Mary,mmary@helpinghands.cm,691028536
Emily Anne,anne@helpinghands.cm,679514821
Cornelius Crane,crane@helpinghands.cm,677103269
Gary Edward,gary@helpinghands.cm,681528951
Olivia Jane,jane@helpinghands.cm,651428541
Caryn Johnson,caryn@helpinghands.cm,675482548
Terry Jean,terry@helpinghands.cm,666625685
Bernice Frankel,frankel@helpinghands.cm,678451245
Miranda Jennifer,miranda@helpinghands.cm,676894156
Frances Gumm,gumm@helpinghands.cm,680123645
Declan Patrick,patrick@helpinghands.cm,681758412
Florian Cloud,cloud@helpinghands.cm,691265478
Cassandra Peterson,peterson@helpinghands.cm,651234512
Love Michelle,love@helpinghands.cm,650238974
Elizabeth Tea,tea@helpinghands.cm,654789652
Peter Gene,gene@helpinghands.cm,652487542
Howard Allen,allen@helpinghands.cm,653457845
Clare Woodgate,clare@helpinghands.cm,654182596
Julie Smith,smith@helpinghands.cm,692147896
Pauline Ester,ester@helpinghands.cm,652417589
Desiderio Albert,albert@helpinghands.cm,671965236
Arnaz y De Acha III,arnaz@helpinghands.cm,678968542
Archibald Alexander,arch@helpinghands.cm,675869578
Mary Isobel,isobel@helpinghands.cm,654897412
Norma Jean,jean@helpinghands.cm,654185247
Tamanji Harriet,tamharriet@helpinghands.cm,677294142
